{
    "produtos": [
      {
        "id": 1,
        "nome": "Arroz",
        "categoria": "Alimentos",
        "preco": 25.99,
        "unidade": "kg",
        "descricao": "Arroz branco tipo 1, pacote de 5 kg."
      },
      {
        "id": 2,
        "nome": "Leite",
        "categoria": "Bebidas",
        "preco": 4.50,
        "unidade": "litro",
        "descricao": "Leite integral, caixa de 1 litro."
      },
      {
        "id": 3,
        "nome": "Sabão em Pó",
        "categoria": "Limpeza",
        "preco": 12.99,
        "unidade": "kg",
        "descricao": "Sabão em pó para roupas, pacote de 1 kg."
      },
      {
        "id": 4,
        "nome": "Chips",
        "categoria": "Alimentos",
        "preco": 8.99,
        "unidade": "g",
        "descricao": "Salgadinho Elma Chips, pacote de 500 g."
      },
      {
        "id": 5,
        "nome": "Vassoura",
        "categoria": "Limpeza",
        "preco": 8.99,
        "unidade": "kg",
        "descricao": "Vassoura do Harry Potter, peso de 0,300 kg."
      },
      {
        "id": 6,
        "nome": "Cream Cracker",
        "categoria": "Alimentos",
        "preco": 3.99,
        "unidade": "g",
        "descricao": "Bolacha Cream Cracker, pacote de 30 g."
      },
      {
        "id": 7,
        "nome": "Esponja",
        "categoria": "Limpeza",
        "preco": 2.99,
        "unidade": "g",
        "descricao": "Esponja de cozinha Scoth Brite, pacote de 10 g."
      },
      {
        "id": 8,
        "nome": "Monster",
        "categoria": "Bebidas",
        "preco": 9.99,
        "unidade": "ml",
        "descricao": "Monster Energy, lata de 473 ml."
      }
    ]
  }