{
    "promocoes": [
      {
        "id": 1,
        "produto_id": 1,
        "nome_produto": "Arroz",
        "descricao": "Desconto especial no pacote de 5 kg de arroz branco.",
        "desconto_percentual": 10,
        "data_inicio": "2024-08-01",
        "data_fim": "2024-08-31"
      },
      {
        "id": 2,
        "produto_id": 2,
        "nome_produto": "Leite",
        "descricao": "Leve 4 e pague 3 no leite integral.",
        "desconto_percentual": 25,
        "data_inicio": "2024-08-15",
        "data_fim": "2024-09-15"
      },
      {
        "id": 3,
        "produto_id": 3,
        "nome_produto": "Sabão em Pó",
        "descricao": "Sabão em pó com 15% de desconto para compras acima de 3 unidades.",
        "desconto_percentual": 15,
        "data_inicio": "2024-08-10",
        "data_fim": "2024-08-20"
      },
      {
        "id": 4,
        "produto_id": 4,
        "nome_produto": "Chips",
        "descricao": "Leve 2 e pague 1 na batatinha.",
        "desconto_percentual": 10,
        "data_inicio": "2024-08-15",
        "data_fim": "2024-09-15"
      },
      {
        "id": 5,
        "produto_id": 5,
        "nome_produto": "Vassoura",
        "descricao": "Leve 3 e pague 2 na vassoura.",
        "desconto_percentual": 25,
        "data_inicio": "2024-08-15",
        "data_fim": "2024-09-15"
      },
      {
        "id": 6,
        "produto_id": 6,
        "nome_produto": "Cream Cracker",
        "descricao": "Leve 4 e pague 3 na bolacha.",
        "desconto_percentual": 15,
        "data_inicio": "2024-08-15",
        "data_fim": "2024-09-15"
      },
      {
        "id": 7,
        "produto_id": 7,
        "nome_produto": "Esponja",
        "descricao": "Leve 6 e pague 3 na esponja.",
        "desconto_percentual": 25,
        "data_inicio": "2024-08-15",
        "data_fim": "2024-09-15"
      },
      {
        "id": 8,
        "produto_id": 8,
        "nome_produto": "Monster",
        "descricao": "Leve 2 e pague 1 no Monster Energy.",
        "desconto_percentual": 50,
        "data_inicio": "2024-08-15",
        "data_fim": "2024-09-15"
      }
    ]
  }